30001;30001_grandec932.jpg;\n
30001;30001_grandec932.jpg;\n
30001;30001_grandec932.jpg;\n
30003;30003_grande4f73.jpg;\n

30005;30005_granded84b.jpg;\n

30007;30007_grande7548.jpg;\n

30009;30009_grandecfe5.jpg;\n 
30009;30009_3759fa65-c3a0-4da1-95c8-e6f32af526f6_grandec850.jpg;\n
30009;30009_grandecfe5.jpg;\n 
30009;30009_3759fa65-c3a0-4da1-95c8-e6f32af526f6_grandec850.jpg;\n
30009;30009_grandecfe5.jpg;\n 
30009;30009_3759fa65-c3a0-4da1-95c8-e6f32af526f6_grandec850.jpg;\n

30011;30011_grandec6d3.jpg;\n
30011;30011_grandec6d3.jpg;\n
30011;30011_grandec6d3.jpg;\n
30012;30012_grandeda89.jpg;\n
30012;30012_grandeda89.jpg;\n
30012;30012_grandeda89.jpg;\n
30013;30013_grandea06c.jpg;\n
40901;40901_03e502c4-5d65-4ddf-9686-9ee9123b45c7_grande2d0b.png;\n
40901;40901_03e502c4-5d65-4ddf-9686-9ee9123b45c7_grande2d0b.png;\n
40901;40901_03e502c4-5d65-4ddf-9686-9ee9123b45c7_grande2d0b.png;\n
40901;40901_03e502c4-5d65-4ddf-9686-9ee9123b45c7_grande2d0b.png;\n
40901;40901_03e502c4-5d65-4ddf-9686-9ee9123b45c7_grande2d0b.png;\n
41004;41004_55W_95fbf354-5012-4960-8912-fe5f8e36c6bf_grande10a3.png;\n
41004;41004_55W_95fbf354-5012-4960-8912-fe5f8e36c6bf_grande10a3.png;\n
41004;41004_55W_95fbf354-5012-4960-8912-fe5f8e36c6bf_grande10a3.png;\n
41004;41004_55W_95fbf354-5012-4960-8912-fe5f8e36c6bf_grande10a3.png;\n
41063;41063_40W_grande4272.png;\n
41063;41063_40W_grande4272.png;\n
41063;41063_40W_grande4272.png;\n
41063;41063_40W_grande4272.png;\n

41116;41116_25W_86386fcf-35e1-4dd6-88ea-db4b492370cd_grande9402.png;\n
41116;41116_25W_86386fcf-35e1-4dd6-88ea-db4b492370cd_grande9402.png;\n
41127;41127_fb6f14b1-6fda-4dd6-a5ec-e632ff845d1b_grande2941.png;\n
41127;41127_fb6f14b1-6fda-4dd6-a5ec-e632ff845d1b_grande2941.png;\n
41127;41127_fb6f14b1-6fda-4dd6-a5ec-e632ff845d1b_grande2941.png;\n
41127;41127_fb6f14b1-6fda-4dd6-a5ec-e632ff845d1b_grande2941.png;\n
41132;41132_30_degrees_993ddd4a-b657-4f40-bfc6-ee591a81b704_grandeae20.png;\n
41132;41132_30_degrees_993ddd4a-b657-4f40-bfc6-ee591a81b704_grandeae20.png;\n
41132;41132_30_degrees_993ddd4a-b657-4f40-bfc6-ee591a81b704_grandeae20.png;\n
41132;41132_30_degrees_993ddd4a-b657-4f40-bfc6-ee591a81b704_grandeae20.png;\n

41143;41143_9e1e1b5e-c5e6-4704-948a-856b4ae7e01b_grandeb1ae.png;\n
41143;41143_9e1e1b5e-c5e6-4704-948a-856b4ae7e01b_grandeb1ae.png;\n
41143;41143_9e1e1b5e-c5e6-4704-948a-856b4ae7e01b_grandeb1ae.png;\n
41143;41143_9e1e1b5e-c5e6-4704-948a-856b4ae7e01b_grandeb1ae.png;\n
41144;41144_b275e24d-1673-4439-aa6f-c7659ac8b98a_granded864.png;\n
41144;41144_b275e24d-1673-4439-aa6f-c7659ac8b98a_granded864.png;\n
41144;41144_b275e24d-1673-4439-aa6f-c7659ac8b98a_granded864.png;\n
41144;41144_b275e24d-1673-4439-aa6f-c7659ac8b98a_granded864.png;\n
41145;41145_5bf73b6f-d171-499c-825b-6dc6cb0acbff_grande598c.png;\n 
41145;41145_27022634-e907-41d5-8005-93cd4a2243db_grandeecfc.png;\n 
41145;41145_123450a8-dade-432a-be8a-cbb5f4c82e9a_grande30ec.png;\n 
41145;41145_1e7c7c40-fcdd-41dc-97ce-1d85fa51f82e_grande57dd.png;\n 
41145;41145_a56d2301-9232-4868-99aa-ff4ca875171d_grande52ad.png;\n 
41145;41145_2b9553c3-65bb-4d11-a68f-dbf1893134a5_granded687.png;\n
41145;41145_5bf73b6f-d171-499c-825b-6dc6cb0acbff_grande598c.png;\n 
41145;41145_27022634-e907-41d5-8005-93cd4a2243db_grandeecfc.png;\n 
41145;41145_123450a8-dade-432a-be8a-cbb5f4c82e9a_grande30ec.png;\n 
41145;41145_1e7c7c40-fcdd-41dc-97ce-1d85fa51f82e_grande57dd.png;\n 
41145;41145_a56d2301-9232-4868-99aa-ff4ca875171d_grande52ad.png;\n 
41145;41145_2b9553c3-65bb-4d11-a68f-dbf1893134a5_granded687.png;\n
41145;41145_5bf73b6f-d171-499c-825b-6dc6cb0acbff_grande598c.png;\n 
41145;41145_27022634-e907-41d5-8005-93cd4a2243db_grandeecfc.png;\n 
41145;41145_123450a8-dade-432a-be8a-cbb5f4c82e9a_grande30ec.png;\n 
41145;41145_1e7c7c40-fcdd-41dc-97ce-1d85fa51f82e_grande57dd.png;\n 
41145;41145_a56d2301-9232-4868-99aa-ff4ca875171d_grande52ad.png;\n 
41145;41145_2b9553c3-65bb-4d11-a68f-dbf1893134a5_granded687.png;\n
41145;41145_5bf73b6f-d171-499c-825b-6dc6cb0acbff_grande598c.png;\n
 41145;41145_27022634-e907-41d5-8005-93cd4a2243db_grandeecfc.png;\n 
41145;41145_123450a8-dade-432a-be8a-cbb5f4c82e9a_grande30ec.png;\n 
41145;41145_1e7c7c40-fcdd-41dc-97ce-1d85fa51f82e_grande57dd.png;\n 
41145;41145_a56d2301-9232-4868-99aa-ff4ca875171d_grande52ad.png;\n 
41145;41145_2b9553c3-65bb-4d11-a68f-dbf1893134a5_granded687.png;\n
41148;41148_25W_f479b054-e32c-4da5-8694-9e27ec78c6ff_grande17e8.png;\n
41155;41155_25W_455e625b-e0d5-4b87-b73e-d341a6f5a26e_grande3504.png;\n
41155;41155_25W_455e625b-e0d5-4b87-b73e-d341a6f5a26e_grande3504.png;\n
41155;41155_25W_455e625b-e0d5-4b87-b73e-d341a6f5a26e_grande3504.png;\n
41155;41155_25W_455e625b-e0d5-4b87-b73e-d341a6f5a26e_grande3504.png;\n
41159;41159_40W_c32c0c80-30e1-408e-8afc-af739ece8a50_grande6273.png;\n 
41159;41159_40W_e98332c0-64ef-41fb-9b3b-41cc8aa1943a_grande3ee4.png;\n
41159;41159_40W_c32c0c80-30e1-408e-8afc-af739ece8a50_grande6273.png;\n 
41159;41159_40W_e98332c0-64ef-41fb-9b3b-41cc8aa1943a_grande3ee4.png;\n
41159;41159_40W_c32c0c80-30e1-408e-8afc-af739ece8a50_grande6273.png;\n 
41159;41159_40W_e98332c0-64ef-41fb-9b3b-41cc8aa1943a_grande3ee4.png;\n
41159;41159_40W_c32c0c80-30e1-408e-8afc-af739ece8a50_grande6273.png;\n 
41159;41159_40W_e98332c0-64ef-41fb-9b3b-41cc8aa1943a_grande3ee4.png;\n
41172;41172_22W_1a1fa865-f13e-44b1-9c92-79fbf7eda78e_grande03ed.png;\n 
41172;41172_22W_c1616023-2ac8-48b9-8205-fc9994837c56_grande8ec8.png;\n
42003;42003_40W_grande122b.png;\n
42003;42003_40W_grande122b.png;\n
42003;42003_40W_grande122b.png;\n
42003;42003_40W_grande122b.png;\n
42010;42010_70W_eb132186-fcd3-4e6e-968c-abe0939a51f3_grandea2b9.png;\n
42010;42010_70W_eb132186-fcd3-4e6e-968c-abe0939a51f3_grandea2b9.png;\n
42010;42010_70W_eb132186-fcd3-4e6e-968c-abe0939a51f3_grandea2b9.png;\n
42010;42010_70W_eb132186-fcd3-4e6e-968c-abe0939a51f3_grandea2b9.png;\n
42012;42012_6faf9f44-7436-4b98-9ecd-8dc8273dcb45_grande09d4.png;\n
42012;42012_6faf9f44-7436-4b98-9ecd-8dc8273dcb45_grande09d4.png;\n
42012;42012_6faf9f44-7436-4b98-9ecd-8dc8273dcb45_grande09d4.png;\n
42012;42012_6faf9f44-7436-4b98-9ecd-8dc8273dcb45_grande09d4.png;\n
42012;42012_6faf9f44-7436-4b98-9ecd-8dc8273dcb45_grande09d4.png;\n
42012;42012_6faf9f44-7436-4b98-9ecd-8dc8273dcb45_grande09d4.png;\n
42045;42045_3e566769-562a-48d5-a0bd-a8ca79d4449f_grande9270.png;\n
42045;42045_3e566769-562a-48d5-a0bd-a8ca79d4449f_grande9270.png;\n
42045;42045_3e566769-562a-48d5-a0bd-a8ca79d4449f_grande9270.png;\n
42045;42045_3e566769-562a-48d5-a0bd-a8ca79d4449f_grande9270.png;\n
42047;42047_40W_c94924ad-75f1-4a49-857a-9fd4c90ab8f3_grande3e5d.png;\n
42047;42047_40W_c94924ad-75f1-4a49-857a-9fd4c90ab8f3_grande3e5d.png;\n
42047;42047_40W_c94924ad-75f1-4a49-857a-9fd4c90ab8f3_grande3e5d.png;\n
42047;42047_40W_c94924ad-75f1-4a49-857a-9fd4c90ab8f3_grande3e5d.png;\n
42054;42054_dimming_8c686ff9-b12b-4f3f-950d-07045f659630_grandea4c3.png;\n
42054;42054_dimming_8c686ff9-b12b-4f3f-950d-07045f659630_grandea4c3.png;\n
42054;42054_dimming_8c686ff9-b12b-4f3f-950d-07045f659630_grandea4c3.png;\n
42054;42054_dimming_8c686ff9-b12b-4f3f-950d-07045f659630_grandea4c3.png;\n
42055;42055_40W_df2d77a5-ce8c-48f5-803d-6ea9fcf13fbc_grandea15e.png;\n
42058;42058_dimming_c7150184-ac2f-4bd2-aaf9-724960695091_grandee030.png;\n
42058;42058_dimming_c7150184-ac2f-4bd2-aaf9-724960695091_grandee030.png;\n
42058;42058_dimming_c7150184-ac2f-4bd2-aaf9-724960695091_grandee030.png;\n
42058;42058_dimming_c7150184-ac2f-4bd2-aaf9-724960695091_grandee030.png;\n
42058;42058_dimming_c7150184-ac2f-4bd2-aaf9-724960695091_grandee030.png;\n
42058;42058_dimming_c7150184-ac2f-4bd2-aaf9-724960695091_grandee030.png;\n
42058;42058_dimming_c7150184-ac2f-4bd2-aaf9-724960695091_grandee030.png;\n
42073;42073_66baa4d6-2dce-4ef3-9343-ec27b94ee212_grandeb6ff.png;\n
42082;42082_25W_09b9d88f-aa7c-43a9-a11a-78ce1f56165a_grande27cc.png;\n
42082;42082_25W_09b9d88f-aa7c-43a9-a11a-78ce1f56165a_grande27cc.png;\n
42082;42082_25W_09b9d88f-aa7c-43a9-a11a-78ce1f56165a_grande27cc.png;\n
42082;42082_25W_09b9d88f-aa7c-43a9-a11a-78ce1f56165a_grande27cc.png;\n
42083;42083_40W_d998f0f7-9222-45d8-81fe-60efea497be1_grande8c82.png;\n
42083;42083_40W_d998f0f7-9222-45d8-81fe-60efea497be1_grande8c82.png;\n
42083;42083_40W_d998f0f7-9222-45d8-81fe-60efea497be1_grande8c82.png;\n
42083;42083_40W_d998f0f7-9222-45d8-81fe-60efea497be1_grande8c82.png;\n
42093;42093_40W_40181a3c-48f7-4ddf-a51d-d4abbed7bd72_grande1bb8.png;\n 
42093;42093_40W_0f16fd3d-af7e-4f29-8d77-37a700413492_grandee735.png;\n
42093;42093_40W_40181a3c-48f7-4ddf-a51d-d4abbed7bd72_grande1bb8.png;\n 
42093;42093_40W_0f16fd3d-af7e-4f29-8d77-37a700413492_grandee735.png;\n
42093;42093_40W_40181a3c-48f7-4ddf-a51d-d4abbed7bd72_grande1bb8.png;\n 
42093;42093_40W_0f16fd3d-af7e-4f29-8d77-37a700413492_grandee735.png;\n
42093;42093_40W_40181a3c-48f7-4ddf-a51d-d4abbed7bd72_grande1bb8.png;\n 
42093;42093_40W_0f16fd3d-af7e-4f29-8d77-37a700413492_grandee735.png;\n
42100;42100_df3b7a6f-539f-4dcd-b868-0cb5323fbfe3_grande6c57.png;\n
42100;42100_df3b7a6f-539f-4dcd-b868-0cb5323fbfe3_grande6c57.png;\n
42100;42100_df3b7a6f-539f-4dcd-b868-0cb5323fbfe3_grande6c57.png;\n
42100;42100_df3b7a6f-539f-4dcd-b868-0cb5323fbfe3_grande6c57.png;\n
42101;42101_d8266ff0-1e90-4506-bea3-6badd214c21e_grandeb1e2.png;\n
42101;42101_d8266ff0-1e90-4506-bea3-6badd214c21e_grandeb1e2.png;\n
42101;42101_d8266ff0-1e90-4506-bea3-6badd214c21e_grandeb1e2.png;\n
42101;42101_d8266ff0-1e90-4506-bea3-6badd214c21e_grandeb1e2.png;\n
42102;42102_8fa4009d-e40d-4b84-a180-c2120d882a64_grande1665.png;\n
42102;42102_8fa4009d-e40d-4b84-a180-c2120d882a64_grande1665.png;\n
42102;42102_8fa4009d-e40d-4b84-a180-c2120d882a64_grande1665.png;\n
42102;42102_8fa4009d-e40d-4b84-a180-c2120d882a64_grande1665.png;\n
42106;42106_7e1e7ba8-0806-46cf-ac62-7bcdd038e1fe_grande8267.png;\n
42106;42106_7e1e7ba8-0806-46cf-ac62-7bcdd038e1fe_grande8267.png;\n
42106;42106_7e1e7ba8-0806-46cf-ac62-7bcdd038e1fe_grande8267.png;\n
42106;42106_7e1e7ba8-0806-46cf-ac62-7bcdd038e1fe_grande8267.png;\n
42107;42107_8d24cc6f-1ef4-4307-a235-c6d6c18bdeff_grande0bbf.png;\n
42107;42107_8d24cc6f-1ef4-4307-a235-c6d6c18bdeff_grande0bbf.png;\n
42107;42107_8d24cc6f-1ef4-4307-a235-c6d6c18bdeff_grande0bbf.png;\n
42107;42107_8d24cc6f-1ef4-4307-a235-c6d6c18bdeff_grande0bbf.png;\n
42108;42108_grande8259.png;\n
42108;42108_grande8259.png;\n
42108;42108_grande8259.png;\n
42108;42108_grande8259.png;\n
42113;42113_A_15_315a71c2-9905-4275-a052-570976676e2e_grande06de.png;\n
42113;42113_A_15_315a71c2-9905-4275-a052-570976676e2e_grande06de.png;\n
42113;42113_A_15_315a71c2-9905-4275-a052-570976676e2e_grande06de.png;\n
42113;42113_A_15_315a71c2-9905-4275-a052-570976676e2e_grande06de.png;\n
42114;42114_A_15_77db1e31-1886-41ba-91a0-cb6956f35938_grande9a48.png;\n
42114;42114_A_15_77db1e31-1886-41ba-91a0-cb6956f35938_grande9a48.png;\n
42114;42114_A_15_77db1e31-1886-41ba-91a0-cb6956f35938_grande9a48.png;\n
42114;42114_A_15_77db1e31-1886-41ba-91a0-cb6956f35938_grande9a48.png;\n
42116;42116_A_15_9bee9043-6058-4f20-a516-00b1cfa3fcf1_grande4f72.jpg;\n
42116;42116_A_15_9bee9043-6058-4f20-a516-00b1cfa3fcf1_grande4f72.jpg;\n
42116;42116_A_15_9bee9043-6058-4f20-a516-00b1cfa3fcf1_grande4f72.jpg;\n
42116;42116_A_15_9bee9043-6058-4f20-a516-00b1cfa3fcf1_grande4f72.jpg;\n
55000;55000_84531df1-033f-490b-8b84-c10ddd5ae89e_grande2594.png;\n
55000;55000_84531df1-033f-490b-8b84-c10ddd5ae89e_grande2594.png;\n
55000;55000_84531df1-033f-490b-8b84-c10ddd5ae89e_grande2594.png;\n
55000;55000_84531df1-033f-490b-8b84-c10ddd5ae89e_grande2594.png;\n
55001;55001_a864885d-e317-4518-8211-75bbce8fe85e_grandeae72.png;\n
55001;55001_a864885d-e317-4518-8211-75bbce8fe85e_grandeae72.png;\n
55001;55001_a864885d-e317-4518-8211-75bbce8fe85e_grandeae72.png;\n
55001;55001_a864885d-e317-4518-8211-75bbce8fe85e_grandeae72.png;\n
55001;55001_a864885d-e317-4518-8211-75bbce8fe85e_grandeae72.png;\n
55002;55002_6d496b6b-0756-41b5-95ae-2147ca62014e_grande0054.png;\n
55004;55004_ec804521-e986-459c-a0b4-85be2c0b471c_grande7b4b.png;\n
55004;55004_ec804521-e986-459c-a0b4-85be2c0b471c_grande7b4b.png;\n
55004;55004_ec804521-e986-459c-a0b4-85be2c0b471c_grande7b4b.png;\n
55004;55004_ec804521-e986-459c-a0b4-85be2c0b471c_grande7b4b.png;\n
55005;55005_Frosted_4704f1ea-c34f-40ec-89fe-76bf8848bae1_granded5ee.png;\n
55005;55005_Frosted_4704f1ea-c34f-40ec-89fe-76bf8848bae1_granded5ee.png;\n
55005;55005_Frosted_4704f1ea-c34f-40ec-89fe-76bf8848bae1_granded5ee.png;\n
55005;55005_Frosted_4704f1ea-c34f-40ec-89fe-76bf8848bae1_granded5ee.png;\n
55005;55005_Frosted_4704f1ea-c34f-40ec-89fe-76bf8848bae1_granded5ee.png;\n
55006;55006_3de2747e-69f5-4133-aac1-84a742a8ede7_grande1013.png;\n
55006;55006_3de2747e-69f5-4133-aac1-84a742a8ede7_grande1013.png;\n
55006;55006_3de2747e-69f5-4133-aac1-84a742a8ede7_grande1013.png;\n
55006;55006_3de2747e-69f5-4133-aac1-84a742a8ede7_grande1013.png;\n
55007;55007_grande2b8a.jpg;\n
55007;55007_grande2b8a.jpg;\n
55007;55007_grande2b8a.jpg;\n
55007;55007_grande2b8a.jpg;\n
55022;55022_2297533a-16eb-4477-91cf-29323f34c801_grandee2c3.png;\n
55043;55043_7f3534c1-77d9-4345-9f70-dce792f646c2_grandea890.png;\n
55043;55043_7f3534c1-77d9-4345-9f70-dce792f646c2_grandea890.png;\n
55043;55043_7f3534c1-77d9-4345-9f70-dce792f646c2_grandea890.png;\n
55043;55043_7f3534c1-77d9-4345-9f70-dce792f646c2_grandea890.png;\n
55046;55046_45f5d9a7-dbdf-48e4-aa58-514e62eb8693_grandea5a3.png;\n
55046;55046_45f5d9a7-dbdf-48e4-aa58-514e62eb8693_grandea5a3.png;\n
55046;55046_45f5d9a7-dbdf-48e4-aa58-514e62eb8693_grandea5a3.png;\n
55046;55046_45f5d9a7-dbdf-48e4-aa58-514e62eb8693_grandea5a3.png;\n
55049;55049_884e753d-2359-4318-934d-cadc10808bbc_grande62de.png;\n
55049;55049_884e753d-2359-4318-934d-cadc10808bbc_grande62de.png;\n
55049;55049_884e753d-2359-4318-934d-cadc10808bbc_grande62de.png;\n
55049;55049_884e753d-2359-4318-934d-cadc10808bbc_grande62de.png;\n
5065;55065_9dfa6b49-89cd-4a00-afeb-29a82142eefa_grandede01.png;\n
67031;67031_8329db5d-d2e0-4370-9068-7d0988da94af_grande1f8b.jpg;\n 
67031;67031_grandee491.jpg;\n
67031;67031_8329db5d-d2e0-4370-9068-7d0988da94af_grande1f8b.jpg;\n 
67031;67031_grandee491.jpg;\n
67031;67031_8329db5d-d2e0-4370-9068-7d0988da94af_grande1f8b.jpg;\n 
67031;67031_grandee491.jpg;\n
67031;67031_8329db5d-d2e0-4370-9068-7d0988da94af_grande1f8b.jpg;\n 
67031;67031_grandee491.jpg;\n
7033;67033_28c21852-34de-4d1e-8edf-37c6258a437b_grande95d8.png;\n
67033;67033_28c21852-34de-4d1e-8edf-37c6258a437b_grande95d8.png;\n
67033;67033_28c21852-34de-4d1e-8edf-37c6258a437b_grande95d8.png;\n
67033;67033_28c21852-34de-4d1e-8edf-37c6258a437b_grande95d8.png;\n


