42012-UK; ;B15 4W LED Twisted Torpedo Clear;220V/240V;B15;4W;27K/30K/40K;400;30000;92;360;YES;0,12 ;6,28 ;6,13 ;5,99 
55191-UK-2700;0089902156503;B22 1,5W G45 LED BLUE Filament BLUE OPAQUE COVER;AC220V;B22;1,5W;2700K;150;25000;82;120;YES;0,12 ;7,94 ;7,75 ;7,56 
55190-UK-2700;0739189963126;B22 1,5W G45 LED RED Filament RED OPAQUE COVER;AC220V;B22;1,5W;2700K;150;25000;82;120;YES;0,12 ;7,94 ;7,75 ;7,56 
42058-UK; ;B22 A21 13W LED Milky White;220V/240V;B22;13W;27K/30K/40K;1100;30000;92;270;YES;0,12 ;16,17 ;15,79 ;15,40 
20010-EU-4000;0739189963973;Corn 100 Watt IP65 Lamp Mogul Base;AC100-300V;E40;100W;4000;14000;50000;80;360;NO;0,12 ;301,35 ;294,18 ;287,00 
20000-EU-4000;0739189963874;Corn 12 Watt IP65 Lamp Medium Base;AC100-300V;E27;12W;4000;1320;50000;80;360;NO;0,12 ;64,31 ;62,78 ;61,25 
20011-EU-4000;0739189963980;Corn 120 Watt IP65 Lamp Mogul Base;AC100-300V;E40;120W;4000;16800;50000;80;360;NO;0,12 ;323,40 ;315,70 ;308,00 
20012-EU-4000;0739189963997;Corn 150 Watt IP65 Lamp Mogul Base;AC100-300V;E40;150W;4000;16500;50000;80;360;NO;0,12 ;441,00 ;430,50 ;420,00 
20001-EU-4000;0739189963881;Corn 20 Watt IP65 Lamp Medium Base;AC100-300V;E27;20W;4000;2200;50000;80;360;NO;0,12 ;77,18 ;75,34 ;73,50 
20002-EU-4000;0739189963898;Corn 27 Watt IP65 Lamp Medium Base;AC100-300V;E27;27W;4000;3080;50000;80;360;NO;0,12 ;91,88 ;89,69 ;87,50 
20003-EU-4000;0739189963904;Corn 36 Watt IP65 Lamp Medium Base;AC100-300V;E27;36W;4000;3960;50000;80;360;NO;0,12 ;104,74 ;102,24 ;99,75 
20004-EU-4000;0739189963911;Corn 45 Watt IP65 Lamp Medium Base;AC100-300V;E27;45W;4000;4950;50000;80;360;NO;0,12 ;121,28 ;118,39 ;115,50 
20007-EU-4000;0739189963942;Corn 45Watt IP65 Lamp Mogul Base;AC100-300V;E40;45W;4000;4950;50000;80;360;NO;0,12 ;135,98 ;132,74 ;129,50 
20005-EU-4000;0739189963928;Corn 54 Watt IP65 Lamp Medium Base;AC100-300V;E27;54W;4000;5940;50000;80;360;NO;0,12 ;161,70 ;157,85 ;154,00 
20008-EU-4000;0739189963959;Corn 54 Watt IP65 Lamp Mogul Base;AC100-300V;E40;54W;4000;5940;50000;80;360;NO;0,12 ;154,35 ;150,68 ;147,00 
20006-EU-4000;0739189963935;Corn 75 Watt IP65 Lamp Medium Base;AC100-300V;E27;75W;4000;8250;50000;80;360;NO;0,12 ;220,50 ;215,25 ;210,00 
20009-EU-4000;0739189963966;Corn 75 Watt IP65 Lamp Mogul Base;AC100-300V;E40;75W;4000;8250;50000;80;360;NO;0,12 ;207,64 ;202,69 ;197,75 
55026-EU-3500;0089902154165;Corn Light E27 100W LED;AC85-265V/277V;E27;100W;3500;10080;30000;80;360;NO;0,12 ;389,55 ;380,28 ;371,00 
55027-EU-3500;0089902154172;Corn Light E27 125W LED ;AC85-265V/277V;E27;125W;3500;12000;30000;80;360;NO;0,12 ;499,80 ;487,90 ;476,00 
55023-EU-3500;0089902154134;Corn Light E27 45W LED ;AC85-265V/277V;E27;45W;3500;3500;30000;80;360;NO;0,12 ;137,81 ;134,53 ;131,25 
55024-EU-3500;0089902154141;Corn Light E27 54W LED ;AC85-265V/277V;E27;54W;3500;5600;30000;80;360;NO;0,12 ;161,70 ;157,85 ;154,00 
55025-EU-3500;0089902154158;Corn Light E27 80W LED;AC85-265V/277V;E27;80W;3500;8000;30000;80;360;NO;0,12 ;352,80 ;344,40 ;336,00 
30010-EU-3000;0089902156626;Downlight 18W LED Diam 225 ;AC200-240V;DL;18W;3000;1800;30000;82;;Yes;0,12 ;43,81 ;42,76 ;41,72 
30009-EU; ;Downlight 18W LED Diam 225  ;AC200-240V;DL;18W;30K/40K;2160;30000;82;;YES;0,12 ;47,22 ;46,10 ;44,98 
30011-EU; ;Downlight 24WLED Diam 240 ;AC220-240V;DL;24W;30K/40K;1700;30000;82;;YES;0,12 ;32,89 ;32,11 ;31,33 
30012-EU; ;Downlight 5W LED Spot COB Orientable ;100-240V;DL;5W;30K/40K;380;25000;82;38;YES;0,12 ;13,41 ;13,09 ;12,78 
30013-EU-3000;0089902156848;Downlight 9,2W LED Spot COB Orientable ;100-240V;DL;9,2W;3000;650;25000;82;38;YES;0,12 ;22,79 ;22,24 ;21,70 
88042;0645789982781;Driver Dimmable 40W; ;PL;40W; ; ; ; ; ; ;0,12 ;28,35 ;27,68 ;27,00 
55130-EU; ;E11 40W New innovation;220V/240V;E11;10W;27K/30K/40K;1000;30000;82;360;Yes;0,12 ;0,00 ;0,00 ;0,00 
55126-EU; ;E14 0,5W LED Torpedo Milky White;220V/240V;E14;.5W;27K/30K/40K;50;30000;80;360;YES;0,12 ;0,00 ;0,00 ;0,00 
42123-EU; ;E14 1,5W 150Lm Cover Clear Blue Light;220V/240V;E14;1,5W;Blue;150;25000;80;360;Yes;0,12 ;7,35 ;7,18 ;7,00 
42122-EU; ;E14 1,5W 150Lm Cover Clear Red Light;220V/240V;E14;1,5W;Red;150;25000;80;360;Yes;0,12 ;7,35 ;7,18 ;7,00 
42020-EU-2200;0089902151928;E14 1W LED Filament Candle Torpedo Star Amber;220V/240V;E14;1W;2200;100;20000;82;360;YES;0,12 ;7,64 ;7,46 ;7,28 
42019-EU-2200;0089902151911;E14 1W LED Filament Candle Torpedo Star Clear;220V/240V;E14;1W;2200;100;20000;82;360;YES;0,12 ;10,66 ;10,40 ;10,15 
42088-EU-2700;0089902152819;E14 1W LED Filament Candle Twisted Star Clear;220V/240V;E14;1W;2700;100;30000;82;360;YES;0,12 ;7,90 ;7,71 ;7,53 
42090-EU-2700;0089902152826;E14 1W LED Filament Flame Tip Star Clear;220V/240V;E14;1W;2700;200;30000;82;360;YES;0,12 ;6,54 ;6,39 ;6,23 
42091-EU-2700;0089902152833;E14 1W LED Filamnet Flame Tip Star Amber;220V/240V;E14;1W;2700;200;30000;82;360;YES;0,12 ;8,64 ;8,43 ;8,23 
42002-EU; ;E14 2W LED Candle Filament Flame Amber;220V/240V;E14;2W;27K/30K/40K;200;30000;92;360;YES;0,12 ;5,51 ;5,38 ;5,25 
41116 EU; ;E14 2W LED Candle Filament Flame Tip Clair 93mm;220V/240V;E14;2W;27K/30K/40K;200;30000;92;360;YES;0,12 ;4,92 ;4,81 ;4,69 
55070-EU; ;E14 2W LED Candle Filament Flame Tip Frosted;220V/240V;E14;2W;27K/30K/40K;200;30000;92;360;YES;0,12 ;5,51 ;5,38 ;5,25 
41167-EU-2200;0089902151379;E14 2W LED Candle Filament Flame Tip Short Clear CRI92;220V/240V;E14;2W;27K/30K/40K;200;20000;92;360;YES;0,12 ;4,92 ;4,81 ;4,69 
41144-EU; ;E14 2W LED Candle Torpedo Filament Amber;220V/240V;E14;2W;27K/30K/40K;400;30000;92;360;YES;0,12 ;5,51 ;5,38 ;5,25 
41067-EU; ;E14 2W LED Candle Torpedo Filament Clair;220V/240V;E14;2W;27K/30K/40K;200;30000;92;360;YES;0,12 ;4,92 ;4,81 ;4,69 
42082-EU; ;E14 2W LED Candle Torpedo Filament Frosted;220V/240V;E14;2W;27K/30K/40K;200;30000;92;360;YES;0,12 ;5,51 ;5,38 ;5,25 
41148-EU-2200;0089902151218;E14 2W LED Candle Torpedo Filament Short Clear CRI92;220V/240V;E14;2W;27K/30K/40K;200;20000;92;360;YES;0,12 ;4,92 ;4,81 ;4,69 
42092-EU; ;E14 2W LED Candle Torpedo Milky White;220V/240V;E14;2W;27K/30K/40K;240;30000;92;360;YES;0,12 ;5,00 ;4,88 ;4,76 
42011-EU; ;E14 2W LED Twisted Torpedo Clear;220V/240V;E14;2W;27K/30K/40K;200;30000;92;360;YES;0,12 ;5,51 ;5,38 ;5,25 
40334-EU; ;E14 3W LED Torpedo Silver clear;220V/240V;E14;3W;27K/30K/40K;330;30000;82;240;NO;0,12 ;7,75 ;7,57 ;7,39 
42003-EU; ;E14 4W LED Candle Filament Flame Amber;220V/240V;E14;4W;27K/30K/40K;400;30000;92;360;YES;0,12 ;7,61 ;7,43 ;7,25 
41117-EU; ;E14 4W LED Candle Filament Flame Tip Clair 93mm;220V/240V;E14;4W;27K/30K/40K;400;30000;92;360;YES;0,12 ;7,02 ;6,85 ;6,69 
55071-EU; ;E14 4W LED Candle Filament Flame Tip Frosted;220V/240V;E14;4W;27K/30K/40K;400;30000;92;360;YES;0,12 ;7,61 ;7,43 ;7,25 
42055-EU-2200;0089902152222;E14 4W LED Candle Filament Flame Tip Short Clear;220V/240V;E14;4W;2200;400;30000;92;360;YES;0,12 ;7,02 ;6,85 ;6,69 
41168-EU-2200;0089902151386;E14 4W LED Candle Filament Flame Tip Short Clear CRI92;220V/240V;E14;4W;27K/30K/40K;400;30000;92;360;YES;0,12 ;7,02 ;6,85 ;6,69 
41143-EU; ;E14 4W LED Candle Torpedo Filament Amber;220V/240V;E14;4W;27K/30K/40K;200;30000;92;360;YES;0,12 ;7,61 ;7,43 ;7,25 
41063-EU; ;E14 4W LED Candle Torpedo Filament Clair;220V/240V;E14;4W;27K/30K/40K;400;30000;92;360;YES;0,12 ;7,02 ;6,85 ;6,69 
42083-EU; ;E14 4W LED Candle Torpedo Filament Frosted;220V/240V;E14;4W;27K/30K/40K;400;30000;92;360;YES;0,12 ;7,61 ;7,43 ;7,25 
42093-EU; ;E14 4W LED Candle Torpedo Milky White;220V/240V;E14;4W;27K/30K/40K;420;30000;92;360;YES;0,12 ;8,75 ;8,54 ;8,33 
42107-EU; ;E14 4W LED Candle Torpedo Milky White CRI92;220V/240V;E14;4W;27K/30K/40K;400;30000;92;360;YES;0,12 ;8,75 ;8,54 ;8,33 
42108-EU; ;E14 4W LED Flame Tip Milky White CRI92;220V/240V;E14;4W;27K/30K/40K;400;30000;92;360;YES;0,12 ;8,75 ;8,54 ;8,33 
42012-EU; ;E14 4W LED Twisted Torpedo Clear;220V/240V;E14;4W;27K/30K/40K;400;30000;92;360;YES;0,12 ;6,28 ;6,13 ;5,99 
41011-EU; ;E14 5W LED Flame Tip Silver Clear;220V/240V;E14;5W;27K/30K/40K;550;30000;80;360;YES;0,12 ;13,05 ;12,74 ;12,43 
55003-EU; ;E14 6W LED Candle Filament Flame Tip Clair ;220V/240V;E14;6W;27K/30K/40K;600;30000;82;360;YES;0,12 ;8,49 ;8,29 ;8,09 
55002-EU-2200;0089902153564;E14 6W LED Candle Filament Flame Tip Clair  CRI92;220V/240V;E14;6W;2200;600;30000;92;360;YES;0,12 ;8,49 ;8,29 ;8,09 
55000-EU; ;E14 6W LED Candle Torpedo Filament Ceramic Clear;220V/240V;E14;6W;27K/30K/40K;550;30000;92;360;YES;0,12 ;8,49 ;8,29 ;8,09 
55001-EU; ;E14 6W LED Candle Torpedo Filament Ceramic Clear CRI92;220V/240V;E14;6W;22K/27K/40K;600;30000;92;360;YES;0,12 ;8,49 ;8,29 ;8,09 
55005-EU; ;E14 6W LED Candle Torpedo Filament Ceramic Frosted;220V/240V;E14;6W;27K/30K/40K;600;30000;82;360;YES;0,12 ;7,64 ;7,46 ;7,28 
55004-EU; ;E14 6W LED Candle Torpedo Filament White;220V/240V;E14;6W;27K/30K/40K;550;30000;92;360;YES;0,12 ;10,22 ;9,97 ;9,73 
55046-EU; ;E14 C7 1W LED Filament Torpedo Candle Christmas Clear;220V/240V;E14;1W;27K/30K/40K;50;30000;82;360;YES;0,12 ;11,03 ;10,76 ;10,50 
42086-EU-2700;0089902152796;E14 S14  1W LED Filament Star Clear;220V/240V;E27;1W;2700;100;30000;82;360;YES;0,12 ;12,86 ;12,56 ;12,25 
42087-EU-2700;0089902152802;E14 S14 1W LED Filament Star Amber ;220V/240V;E27;1W;2700;100;30000;82;360;YES;0,12 ;18,30 ;17,87 ;17,43 
42061-EU; ;E14 S14 2W LED Filament Amber;220V/240V;E27;2W;27K/30K/40K;200;30000;92;360;YES;0,12 ;6,25 ;6,10 ;5,95 
41085-EU; ;E14 S14 2W LED Filament Clear;220V/240V;E14;2W;27K/30K/40K;200;30000;92;360;YES;0,12 ;5,66 ;5,52 ;5,39 
42062-EU; ;E14 S14 4W LED Filament Amber;220V/240V;E27;4W;27K/30K/40K;400;30000;92;360;YES;0,12 ;7,61 ;7,43 ;7,25 
41096-EU; ;E14 S14 4W LED Filament Clear;220V/240V;E27;4W;27K/30K/40K;400;30000;92;360;YES;0,12 ;7,61 ;7,43 ;7,25 
41064-EU; ;E14 S14 5W LED Wet Location Clear;220V/240V;E27;5W;27K/30K/40K;425;30000;82;360;No;0,12 ;16,28 ;15,89 ;15,51 
41047-EU; ;E14 Silver 6W LED Flame Tip Clear;220V/240V;E14;6W;27K/30K/40K;580;30000;82;300;YES;0,12 ;12,86 ;12,56 ;12,25 
41046-EU; ;E14 Silver 6W LED Torpedo clear;220V/240V;E14;6W;27K/30K/40K;580;30000;82;300;YES;0,12 ;12,86 ;12,56 ;12,25 
55193-EU-2700;0089902159160;E27 1,5W G45 LED BLUE Filament BLUE CLEAR COVER;AC220V;E27;1,5W;2700K;150;25000;82;120;YES;0,12 ;7,94 ;7,75 ;7,56 
55192-EU-2700;0089902159153;E27 1,5W G45 LED RED Filament RED CLEAR COVER;AC220V;E27;1,5W;2700K;150;25000;82;120;YES;0,12 ;7,94 ;7,75 ;7,56 
42118-EU; ;E27 1,8W Star Lamp Collection 120Lm;220V/240V;E27;1,8W;18/22;120;25000;80;360;No;0,12 ;16,54 ;16,14 ;15,75 
42008-EU; ;E27 2W LED Candle Filament Flame Tip Clear;220V/240V;E27;2W;27K/30K/40K;200;30000;92;360;YES;0,12 ;4,92 ;4,81 ;4,69 
55072-EU; ;E27 2W LED Candle Filament Flame Tip Frosted;220V/240V;E27;2W;27K/30K/40K;200;30000;92;360;YES;0,12 ;5,51 ;5,38 ;5,25 
41155-EU; ;E27 2W LED Candle Torpedo Filament Clear;220V/240V;E27;2W;27K/30K/40K;200;30000;92;360;YES;0,12 ;4,92 ;4,81 ;4,69 
55074-EU; ;E27 2W LED Candle Torpedo Filament Frosted;220V/240V;E27;2W;27K/30K/40K;200;30000;92;360;YES;0,12 ;5,51 ;5,38 ;5,25 
42009-EU; ;E27 4W LED Candle Filament Flame Tip Clear;220V/240V;E27;4W;27K/30K/40K;400;30000;92;360;YES;0,12 ;7,02 ;6,85 ;6,69 
55073-EU; ;E27 4W LED Candle Filament Flame Tip Frosted;220V/240V;E27;4W;27K/30K/40K;400;30000;92;360;YES;0,12 ;7,61 ;7,43 ;7,25 
42047-EU; ;E27 4W LED Candle Torpedo Filament Clear;220V/240V;E27;4W;27K/30K/40K;400;30000;92;360;YES;0,12 ;7,02 ;6,85 ;6,69 
55075-EU; ;E27 4W LED Candle Torpedo Filament Frosted;220V/240V;E27;4W;27K/30K/40K;400;30000;92;360;YES;0,12 ;7,61 ;7,43 ;7,25 
42106-EU; ;E27 4W LED Candle Torpedo Milky White CRI92;220V/240V;E27;4W;27K/30K/40K;400;30000;92;360;YES;0,12 ;8,64 ;8,43 ;8,23 
42080-EU-2200;0089902152642;E27 4W LED Filament Torpedo Candle Clear CRI92;220V/240V;E27;4W;2200;400;30000;92;360;YES;0,12 ;7,61 ;7,43 ;7,25 
42119-EU; ;E27 4W Star Lamp Collection 180Lm;220V/240V;E27;4W;18/22;180;25000;80;360;No;0,12 ;16,91 ;16,50 ;16,10 
55007-EU; ;E27 6W LED Candle Filament Flame Tip Clear;220V/240V;E27;6W;27K/30K/40K;550;30000;92;360;YES;0,12 ;8,49 ;8,29 ;8,09 
55006-EU; ;E27 6W LED Candle Torpedo Filament Clear;220V/240V;E27;6W;27K/30K/40K;550;30000;92;360;YES;0,12 ;8,49 ;8,29 ;8,09 
55022-EU-2200;0089902154127;E27 6W LED Candle Torpedo Filament Clear CRI92;220V/240V;E27;6W;2200;550;30000;92;360;YES;0,12 ;8,49 ;8,29 ;8,09 
42113-EU; ;E27 A15 2W LED Multi Filament Clear;220V/240V;E27;2W;27K/30K/40K;200;30000;82;360;YES;0,12 ;9,74 ;9,51 ;9,28 
42114-EU; ;E27 A15 4W LED Multi Filament Clear;220V/240V;E27;4W;27K/30K/40K;400;30000;82;360;YES;0,12 ;11,94 ;11,66 ;11,38 
42115-EU; ;E27 A15 6W LED Multi Filament Clear;220V/240V;E27;6W;27K/30K/40K;600;30000;82;360;YES;0,12 ;12,31 ;12,02 ;11,73 
42116-EU; ;E27 A15 8W LED Multi Filament Clear;220V/240V;E27;8W;27K/30K/40K;800;30000;92;360;YES;0,12 ;10,36 ;10,12 ;9,87 
55153-EU-2700;0089902156916;E27 A19 10,5W LED Milky Eco BA 200°;220-240V;E27;10,5;2700;806;15000;82;200;YES;0,12 ;8,27 ;8,07 ;7,88 
55154-EU-2700;0089902156923;E27 A19 11,5W LED Milky Eco BA 200°;220-240V;E27;11,5;2700;1055;15000;82;200;YES;0,12 ;9,19 ;8,97 ;8,75 
42010-EU; ;E27 A19 11W LED Milky White ;220V/240V;E27;11W;27K/30K/40K;870;30000;82;270;YES;0,12 ;8,09 ;7,89 ;7,70 
42032-EU-2200;0089902152000;E27 A19 2W LED Filament Star Amber;220V/240V;E27;2W;2200;200;30000;82;360;YES;0,12 ;17,82 ;17,40 ;16,98 
42031-EU-2200;0089902151997;E27 A19 2W LED Filament Star Clear;220V/240V;E27;2W;2200;200;30000;82;360;YES;0,12 ;17,64 ;17,22 ;16,80 
41159-EU; ;E27 A19 4W LED Filament Zig-Zag Clear;220V/240V;E27;4W;27K/30K/40K;400;30000;82;360;YES;0,12 ;16,83 ;16,43 ;16,03 
42100-EU; ;E27 A19 4W LED Milky White CRI92;220V/240V;E27;4W;27K/30K/40K;400;30000;92;360;YES;0,12 ;9,37 ;9,15 ;8,93 
41044-EU; ;E27 A19 4W LED Multi Filament Céramic Clear CRI92;220V/240V;E27;4W;27K/30K/40K;400;30000;82;360;No;0,12 ;7,68 ;7,50 ;7,32 
41068-EU; ;E27 A19 4W LED Multi Filament Clear  ;220V/240V;E27;4W;27K/30K/40K;400;30000;92;360;YES;0,12 ;8,64 ;8,43 ;8,23 
41069-EU; ;E27 A19 5W LED Multi Filament Clear  ;220V/240V;E27;5W;27K/30K/40K;500;30000;92;360;YES;0,12 ;5,88 ;5,74 ;5,60 
55076-EU; ;E27 A19 6,5W LED Multi Filament Clear  ;220V/240V;E27;6.5W;27K/30K/40K;700;30000;82;360;YES;0,12 ;10,99 ;10,73 ;10,47 
42073-EU-2200;0089902152536;E27 A19 6W LED Filament Clear CRI92;220V/240V;E27;6W;2200;600;30000;92;360;YES;0,12 ;10,99 ;10,73 ;10,47 
41025-EU; ;E27 A19 6W LED Filament Clear Eco;220V/240V;E27;6W;27K/30K/40K;600;30000;82;360;YES;0,12 ;11,76 ;11,48 ;11,20 
41161-EU; ;E27 A19 6W LED Filament Zig-Zag Clear;220V/240V;E27;6W;27K/30K/40K;600;30000;82;360;YES;0,12 ;12,13 ;11,84 ;11,55 
42101-EU; ;E27 A19 6W LED Milky White CRI92;220V/240V;E27;6W;27K/30K/40K;600;30000;92;360;YES;0,12 ;11,76 ;11,48 ;11,20 
55048-EU; ;E27 A19 6W LED Mirror Clear;220V/240V;E27;6W;27K/30K/40K;600;30000;82;360;YES;0,12 ;12,20 ;11,91 ;11,62 
42045-EU; ;E27 A19 6W LED Multi Filament Amber;220V/240V;E27;6W;2200;600;30000;92;360;YES;0,12 ;11,91 ;11,62 ;11,34 
41070-EU; ;E27 A19 6W LED Multi Filament Clear  ;220V/240V;E27;6W;27K/30K/40K;600;30000;92;360;YES;0,12 ;10,99 ;10,73 ;10,47 
41004-EU; ;E27 A19 7W LED Milky White ;220V/240V;E27;7W;27K/30K/40K;560;30000;82;270;YES;0,12 ;9,19 ;8,97 ;8,75 
55049-EU; ;E27 A19 7W LED Mirror Clear;220V/240V;E27;7W;27K/30K/40K;800;30000;82;360;YES;0,12 ;8,45 ;8,25 ;8,05 
40603-EU; ;E27 A19 8W LED Filament Clear Eco;220V/240V;E27;8W;27K/30K/40K;900;30000;82;360;NO;0,12 ;15,44 ;15,07 ;14,70 
42102-EU; ;E27 A19 8W LED Milky White CRI92;220V/240V;E27;8W;27K/30K/40K;800;30000;92;360;YES;0,12 ;14,15 ;13,81 ;13,48 
55050-EU; ;E27 A19 8W LED Mirror Clear;220V/240V;E27;8W;27K/30K/40K;900;30000;82;360;YES;0,12 ;20,76 ;20,27 ;19,78 
41145-EU; ;E27 A19 8W LED Multi Filament Clear  ;220V/240V;E27;8W;27K/30K/40K;880;30000;92;360;YES;0,12 ;12,94 ;12,63 ;12,32 
41181-EU; ;E27 A19 8W LED Multi Filament Clear  ;220V/240V;E27;8W;27K/30K/40K;800;30000;92;360;YES;0,12 ;12,94 ;12,63 ;12,32 
41005-EU; ;E27 A19 9W LED  Milky White ;220V/240V;E27;9W;27K/30K/40K;750;30000;82;270;YES;0,12 ;11,03 ;10,76 ;10,50 
42054-EU; ;E27 A19 9W LED  Milky White Water Proof;220V/240V;E27;9W;3000/4000K;900;30000;82;360;Yes;0,12 ;16,45 ;16,25 ;15,95 
67033-EU; ;E27 A21 10W LED Extra Long Filament Clear;220V/240V;E27;10W;27K/30K/40K;1200;30000;92;360;YES;0,12 ;21,00 ;20,50 ;20,00 
67034-EU; ;E27 A21 12,5W LED Extra Long Filament Clear;220V/240V;E27;12.5W;27K/30K/40K;1500;30000;82;360;YES;0,12 ;22,05 ;21,53 ;21,00 
42058-EU; ;E27 A21 13W LED Milky White;220V/240V;E27;13W;27K/30K/40K;1100;30000;92;270;YES;0,12 ;16,17 ;15,79 ;15,40 
67030-EU; ;E27 A21 2,5W LED Extra Long Filament Clear;220V/240V;E27;2.5W;27K/30K/40K;300;30000;82;360;YES;0,12 ;11,55 ;11,28 ;11,00 
67031-EU; ;E27 A21 5W LED Extra Long Filament Clear;220V/240V;E27;5W;27K/30K/40K;600;30000;92;360;YES;0,12 ;14,70 ;14,35 ;14,00 
67032-EU; ;E27 A21 7,5W LED Extra Long Filament Clear;220V/240V;E27;7.5W;27K/30K/40K;900;30000;92;360;YES;0,12 ;17,85 ;17,43 ;17,00 
67004-EU-2200;0089902155766;E27 A21 8W LED Extra Long Filament Clear CRI;220V/240V;E27;8W;2200;900;30000;92;360;YES;0,12 ;17,64 ;17,22 ;16,80 
42121-EU; ;E27 BT125 1,8W Star Lamp Collection 150Lm;220V/240V;E27;1,8W;2200;150;25000;80;360;No;0,12 ;16,54 ;16,14 ;15,75 
55053-EU; ;E27 C42 6W COB LED Filament ;220V/240V;E27;6W;27K/30K/40K;600;30000;80;320;YES;0,12 ;20,95 ;20,45 ;19,95 
42120-EU; ;E27 G125 1,8W Pumping Star Lamp Collection 150Lm;220V/240V;E27;1,8W;2200;150;25000;80;360;No;0,12 ;16,54 ;16,14 ;15,75 
42049-EU; ;E27 Inverted Pyramid 6W LED Filament Clear;220V/240V;E27;6W;27K/30K/40K;600;30000;82;360;YES;0,12 ;24,37 ;23,79 ;23,21 
40503-EU; ;E27 PAR16 6W COB LED Clear;220V/240V;E27;6W COB;27K/30K/40K;500;40000;82;60;YES;0,12 ;14,70 ;14,35 ;14,00 
40505-EU; ;E27 PAR20 8W LED Clear;220V/240V;E27;8W;30K/40K;500;30000;92;38;YES;0,12 ;14,70 ;14,35 ;14,00 
40506-EU; ;E27 PAR30 11W LED Clear;220V/240V;E27;11W;30K/40K;800;30000;92;38;YES;0,12 ;18,38 ;17,94 ;17,50 
41122-EU; ;E27 PAR38 18W LED White;220V/240V;E27;18W;30K/40K;1600;30000;82;120;YES;0,12 ;24,70 ;24,11 ;23,52 
41123-EU; ;E27 PAR38 18W LED White;220V/240V;E27;18W;30K/40K;1760;30000;82;120;YES;0,12 ;24,70 ;24,11 ;23,52 
55079-EU; ;E27 PAR38 18W LED White;220V/240V;E27;18W;30K/40K;1100;25000;80;40;YES;0,12 ;29,40 ;28,70 ;28,00 
42014-EU; ;E27 Pointed Pyramid 6W LED Filament Clear;110V;E27;6W;27K/30K/40K;600;30000;82;360;YES;0,12 ;24,37 ;23,79 ;23,21 
40201-EU; ;E27 R63 7W LED White;220V/240V;E27;7W;27K/30K/40K;450;25000;92;120;YES;0,12 ;9,22 ;9,00 ;8,79 
42302-EU; ;E27 R80 10W LED White;220V/240V;E27;10W;27K/30K/40K;800;30000;82;180;YES;0,12 ;13,45 ;13,13 ;12,81 
41075-EU; ;E27 R90 15W LED White;220V/240V;E27;15W;30K/40K;800;25000;82;180;YES;0,12 ;23,19 ;22,64 ;22,09 
42105-EU; ;E27 S14 6W LED Milky White CRI92;220V/240V;E27;6W;27K/30K/40K;600;30000;92;360;YES;0,12 ;0,00 ;0,00 ;0,00 
41089-EU-3500;0089902150464;E40 100W LED Corn Light Mogul ;AC85-265V/277V;E40;100W;3500;10080;30000;80;360;NO;0,12 ;439,31 ;428,85 ;418,39 
41135-EU-3500;0089902151003;E40 100W LED Corn Light Mogul ;AC85-265V/277V;E40;100W;3500;10080;30000;80;360;YES;0,12 ;709,28 ;692,39 ;675,50 
41090-EU-3500;0089902150471;E40 125W LED Corn Light Mogul ;AC85-265V/277V;E40;125W;3500;12000;30000;80;360;NO;0,12 ;469,48 ;458,30 ;447,13 
41136-EU-3500;0089902151010;E40 125W LED Corn Light Mogul ;AC85-265V/277V;E40;125W;3500;12000;30000;80;360;YES;0,12 ;746,03 ;728,26 ;710,50 
55077-EU-6000;0089902155261;E40 220W LED  Corn Light E40 ;AC85-265V/277V;E40;220W;6000;27000;30000;80;360;No;0,12 ;973,88 ;950,69 ;927,50 
55078-EU-6000;0089902155278;E40 250W LED  Corn Light E40 ;AC85-265V/277V;E40;250W;6000;31000;30000;80;360;NO;0,12 ;1 010,63 ;986,56 ;962,50 
55088-EU-6000;0089902155483;E40 300W LED  Corn Light E40 ;AC85-265V/277V;E40;300W;6000;300000;30000;80;360;No;0,12 ;1 084,13 ;1 058,31 ;1 032,50 
41073-EU-3500;0089902150198;E40 45W LED Corn Light Mogul ;AC85-265V/277V;E40;45W;3500;3500;30000;80;360;NO;0,12 ;137,81 ;134,53 ;131,25 
41146-EU-3500;0089902151201;E40 45W LED Corn Light Mogul ;AC85-265V/277V;E40;45W;3500;3500;30000;80;360;YES;0,12 ;396,90 ;387,45 ;378,00 
41087-EU-3500;0089902150440;E40 54W LED Corn Light Mogul ;AC85-265V/277V;E40;54W;3500;5600;30000;80;360;NO;0,12 ;181,69 ;177,37 ;173,04 
41133-EU-3500;0089902150983;E40 54W LED Corn Light Mogul ;AC85-265V/277V;E40;54W;3500;5600;30000;80;360;YES;0,12 ;404,25 ;394,63 ;385,00 
41088-EU-3500;0089902150457;E40 80W LED Corn Light Mogul ;AC85-265V/277V;E40;80W;3500;8000;30000;80;360;NO;0,12 ;396,02 ;386,59 ;377,16 
41134-EU-3500;0089902150990;E40 80W LED Corn Light Mogul ;AC85-265V/277V;E40;80W;3500;8000;30000;80;360;YES;0,12 ;602,70 ;588,35 ;574,00 
30001-EU-4000;0089902156527;Flood Light Slim 10W LED COB IP65;AC85-265V;FL;10W;30K/40K;900;30000;80;120;NO;0,12 ;28,74 ;28,05 ;27,37 
30003-EU-4000;0089902156541;Flood Light Slim 20W LED COB IP65;AC85-265V;FL;20W;4000;1800;30000;80;120;NO;0,12 ;48,51 ;47,36 ;46,20 
30004-EU-4000;0089902156558;Flood Light Slim 20W LED COB IP65 With Sensor;AC85-265V;FL;20W;4000;1800;30000;80;120;NO;0,12 ;59,98 ;58,55 ;57,12 
30005-EU-4000;0089902156565;Flood Light Slim 30W LED COB IP65;AC85-265V;FL;30W;4000;2700;30000;80;120;NO;0,12 ;54,76 ;53,45 ;52,15 
30006-EU-4000;0089902156572;Flood Light Slim 30W LED COB IP65 With Sensor;AC85-265V;FL;30W;4000;2700;30000;80;120;NO;0,12 ;66,22 ;64,65 ;63,07 
30007-EU-4000;0089902156589;Flood Light Slim 50W LED COB IP65;AC85-265V;FL;50W;4000;4500;30000;80;120;NO;0,12 ;88,13 ;86,03 ;83,93 
30008-EU-4000;0089902156596;Flood Light Slim 50W LED COB IP65 With Sensor;AC85-265V;FL;50W;4000;4500;30000;80;120;NO;0,12 ;99,59 ;97,22 ;94,85 
67018-EU; ;G125 10W Globe LED 5 inches Clair;220V/240V;E27;10W;27K/30K/40K;1200;30000;92;360;YES;0,12 ;22,05 ;21,53 ;21,00 
67043-EU; ;G125 12,5W Globe LED 5 inches Clair;220V/240V;E27;12.5W;27K/30K/40K;1500;30000;92;360;YES;0,12 ;25,36 ;24,75 ;24,15 
42038-EU-2200;0089902152048;G125 3W LED Filament Globe Star Amber;220V/240V;E27;3W;2200;300;20000;82;360;YES;0,12 ;20,32 ;19,84 ;19,36 
42037-EU-2200;0089902152031;G125 3W LED Filament Globe Start Clear;220V/240V;E27;3W;2200;300;20000;82;360;YES;0,12 ;22,60 ;22,06 ;21,53 
67016-EU; ;G125 5W Globe LED 5 inches Clair;220V/240V;E27;5W;27K/30K/40K;600;30000;92;360;YES;0,12 ;18,19 ;17,76 ;17,33 
42111-EU; ;G125 5W LED Filament Faceted Globe Clear;220V/240V;E27;5W;27K/30K/40K;360;30000;80;360;YES;0,12 ;17,49 ;17,08 ;16,66 
41082-EU; ;G125 5W LED Filament Globe ;220V/240V;E27;5W;27K/30K/40K;500;30000;92;360;YES;0,12 ;14,19 ;13,85 ;13,51 
42077-EU-2200;0089902152598;G125 5W LED Filament Globe Clear CRI;220V/240V;E27;5W;2200;500;30000;92;360;YES;0,12 ;18,56 ;18,12 ;17,68 
42076-EU-2200;0089902152581;G125 6W LED Filament Globe Clear CRI92;220V/240V;E27;6W;2200;600;30000;92;360;YES;0,12 ;22,23 ;21,70 ;21,18 
55039-EU; ;G125 6W LED Mirror Globe 5 inch;220V/240V;E27;6W;27K/30K/40K;600;30000;82;360;YES;0,12 ;21,98 ;21,45 ;20,93 
67017-EU; ;G125 7,5W Globe LED 5 inches Clair;220V/240V;E27;7.5W;27K/30K/40K;900;30000;92;360;YES;0,12 ;19,85 ;19,37 ;18,90 
67045-EU-2200;0089902156480;G125 7,5W Globe LED 5 inches Clair CRI92;220V/240V;E27;7.5W;2200;900;30000;92;360;YES;0,12 ;19,85 ;19,37 ;18,90 
55040-EU; ;G125 7W LED Mirror Globe 5 inch;220V/240V;E27;7W;27K/30K/40K;700;30000;82;360;YES;0,12 ;25,28 ;24,68 ;24,08 
55034-EU; ;G125 8W LED Filament Globe Clear;220V/240V;E27;8W;27K/30K/40K;800;30000;92;360;YES;0,12 ;18,30 ;17,87 ;17,43 
55035-EU; ;G125 8W LED Filament Globe Clear;220V/240V;E27;8W;27K/30K/40K;900;30000;82;360;YES;0,12 ;21,87 ;21,35 ;20,83 
55162-EU; ;G125 8W LED Filament Globe Clear;220V/240V;E27;8W;27K/30K/40K;900;30000;92;360;YES;0,12 ;15,40 ;15,03 ;14,67 
55041-EU; ;G125 8W LED Mirror Globe 5 inch;220V/240V;E27;8W;27K/30K/40K;800;30000;92;360;YES;0,12 ;21,13 ;20,63 ;20,13 
55036-EU; ;G16.5 4W LED Mirror Globe 2 inch;220V/240V;E14;4W;27K/30K/40K;400;30 000;82;360;YES;0,12 ;6,84 ;6,67 ;6,51 
40401-EU; ;G4 2W LED;12V;PIN;2W;27K/30K/40K;110;30000;82;350;NO;0,12 ;8,27 ;8,07 ;7,88 
41139-EU; ;G4 2W LED;12V;PIN;2W;27K/30K/40K;200;30000;80;360;YES;0,12 ;7,17 ;7,00 ;6,83 
41138-EU; ;G4 3W LED;12V;PIN;3W;27K/30K/40K;270;30000;80;360;YES;0,12 ;9,19 ;8,97 ;8,75 
41032-EU; ;G4 3W LED High Lumen;220V/240V;PIN;3W;27K/30K/40K;160;30000;82;360;NO;0,12 ;12,13 ;11,84 ;11,55 
41036-EU; ;G4 5W LED Super Lumen;12V;PIN;5W;27K/30K/40K;220;30000;82;360;NO;0,12 ;14,22 ;13,88 ;13,55 
41174-EU; ;G4 6W LED;12V;PIN;6W;27K/30K/40K;566;30000;82;360;YES;0,12 ;19,22 ;18,76 ;18,31 
41038-EU; ;G4 7,5W LED Super Lumen;12V;PIN;7.5W;27K/30K/40K;250;30000;82;360;NO;0,12 ;19,11 ;18,66 ;18,20 
42024-EU-2200;0089902151942;G45 1W LED Filament Globe Star Amber;220V/240V;E27;1W;2200;100;20000;82;360;YES;0,12 ;8,01 ;7,82 ;7,63 
42064-EU-2200;0089902152390;G45 1W LED Filament Globe Star Amber;220V/240V;E14;1W;2200;100;20000;82;360;YES;0,12 ;7,64 ;7,46 ;7,28 
42023-EU-2200;0089902151935;G45 1W LED Filament Globe Star Clear;220V/240V;E27;1W;2200;100;20000;82;360;YES;0,12 ;13,60 ;13,27 ;12,95 
42063-EU-2200;0089902152383;G45 1W LED Filament Globe Star Clear;220V/240V;E14;1W;2200;100;20000;82;360;YES;0,12 ;6,54 ;6,39 ;6,23 
42097-EU; ;G45 2W LED Filament Faceted Globe Clear;220V/240V;E14;2W;22K/27K/30K/40K;360;30000;80;360;YES;0,12 ;10,84 ;10,58 ;10,33 
42097-UK-2200;0089902158705;G45 2W LED Filament Faceted Globe Clear Bayonet;;B15;;2200;;;;;;0,12 ;;;
41080-EU; ;G45 2W LED Filament Globe Clear;220V/240V;E14;2W;27K/30K/40K;200;30000;92;360;YES;0,12 ;4,92 ;4,81 ;4,69 
41120-EU; ;G45 2W LED Filament Globe Clear;220V/240V;E27;2W;22K/27K/30K/40K;200;30000;92;360;YES;0,12 ;4,59 ;4,48 ;4,38 
42112-EU; ;G45 4W LED Filament Faceted Globe Clear;220V/240V;E14;4W;27K/30K/40K;360;30000;80;360;YES;0,12 ;9,19 ;8,97 ;8,75 
55032-EU; ;G45 4W LED Filament Globe Amber;220V/240V;E27;4W;27K/30K/40K;400;30000;80;360;YES;0,12 ;8,45 ;8,25 ;8,05 
41083-EU; ;G45 4W LED Filament Globe Clear;220V/240V;E14;4W;27K/30K/40K;400;30000;92;360;YES;0,12 ;7,02 ;6,85 ;6,69 
41121-EU; ;G45 4W LED Filament Globe Clear;220V/240V;E27;4W;22K/27K/30K/40K;400;30000;92;360;YES;0,12 ;5,88 ;5,74 ;5,60 
41121-UK-2200;0089902158712;G45 4W LED Filament Globe Clear Bayonet;;B22;;2200;;;;;;0,12 ;;;
42078-EU; ;G45 4W LED Filament Globe Clear CRI92;220V/240V;E14;4W;27K/30K/40K;400;30000;92;360;YES;0,12 ;7,02 ;6,85 ;6,69 
55161-UK ; ;G45 B15 4W LED Filament Globe Frosted;220V/240V;B15;4W;27K/30K/40K;400;30000;92;360;YES;0,12 ;6,28 ;6,13 ;5,99 
55161-EU; ;G45 E14 4W LED Filament Globe Frosted;220V/240V;E14;4W;27K/30K/40K;400;30000;92;360;YES;0,12 ;6,28 ;6,13 ;5,99 
42070-EU; ;G6.35 2W LED;12V;PIN;2W;2200;200;30000;80;360;YES;0,12 ;7,17 ;7,00 ;6,83 
42071-EU; ;G6.35 3W LED;12V;PIN;3W;27K/30K/40K;270;30000;80;360;YES;0,12 ;10,18 ;9,94 ;9,70 
42072-EU; ;G6.35 6W LED;12V;PIN;6W;27K/30K/40K;566;30000;82;360;YES;0,12 ;17,16 ;16,75 ;16,35 
42109-EU; ;G80 4W LED Filament Faceted Globe Clear;220V/240V;E27;4W;22K/27K/30K/40K;360;30000;80;360;YES;0,12 ;20,10 ;19,62 ;19,15 
41084-EU; ;G80 4W LED Filament Globe Amber;220V/240V;E27;4W;27K/30K/40K;400;30000;82;360;YES;0,12 ;12,13 ;11,84 ;11,55 
55037-EU; ;G80 4W LED Mirror Globe 3 inch;220V/240V;E27;4W;27K/30K/40K;400;30000;82;360;YES;0,12 ;17,82 ;17,40 ;16,98 
41086-EU; ;G9 2.2W LED;220V/240V;PIN;2.2W;27K/30K/40K;200;30000;82;145;NO;0,12 ;6,50 ;6,35 ;6,20 
40402-EU; ;G9 2W LED;220V/240V;PIN;2W;27K/30K/40K;100;25000;82;145;NO;0,12 ;6,36 ;6,21 ;6,06 
42098-EU; ;G9 3W LED;110V;PIN;3W;27K/30K/40K;280;30000;82;145;YES;0,12 ;9,74 ;9,51 ;9,28 
41140-EU; ;G9 4W LED;220V/240V;PIN;4W;27K/30K/40K;310;30000;82;360;YES;0,12 ;9,37 ;9,15 ;8,93 
41037-EU; ;G9 5W LED Super Lument;220V/240V;PIN;5W;27K/30K/40K;350;30000;82;360;NO;0,12 ;11,10 ;10,83 ;10,57 
41074-EU; ;G9 6W LED;220V/240V;PIN;6W;27K/30K/40K;480;50000;82;360;YES;0,12 ;15,03 ;14,67 ;14,32 
67015-EU; ;G95 10W Globe LED 4 inches Clair;220V/240V;E27;10W;27K/30K/40K;1200;30000;92;360;YES;0,12 ;19,37 ;18,91 ;18,45 
42036-EU-2200;0089902152024;G95 3W LED Filament Globe Star Amber;220V/240V;E27;3W;2200;300;20000;82;360;YES;0,12 ;17,16 ;16,75 ;16,35 
42035-EU-2200;0089902152017;G95 3W LED Filament Globe Star Clear;220V/240V;E27;3W;2200;300;20000;82;360;YES;0,12 ;15,99 ;15,61 ;15,23 
55038-EU; ;G95 4W LED Mirror Globe4 inch;220V/240V;E27;4W;27K/30K/40K;400;30000;82;360;YES;0,12 ;20,58 ;20,09 ;19,60 
67013-EU; ;G95 5W Globe LED 4 inches Clair;220V/240V;E27;5W;27K/30K/40K;600;30000;82;360;YES;0,12 ;16,91 ;16,50 ;16,10 
42110-EU; ;G95 5W LED Filament Faceted Globe Clear;220V/240V;E27;5W;27K/30K/40K;360;30000;80;360;YES;0,12 ;23,34 ;22,78 ;22,23 
41081-EU; ;G95 5W LED Filament Globe;220V/240V;E27;5W;27K/30K/40K;500;30000;82;360;YES;0,12 ;16,54 ;16,14 ;15,75 
67014-EU; ;G95 7,5W Globe LED 4 inches Clair;220V/240V;E27;7.5W;27K/30K/40K;900;30000;92;360;YES;0,12 ;17,57 ;17,15 ;16,73 
67041-EU-2200;0089902156459;G95 7,5W Globe LED 4 inches Clair CRI92;220V/240V;E27;7.5W;2200;900;30000;92;360;YES;0,12 ;17,57 ;17,15 ;16,73 
55158-EU-CCT;0089902158934;GU10 7W COB 380Lm CCT Ajustable par dimmer;100-240V;GU;7W;1800-2700K;380;50000;96;38;YES;0,12 ;24,68 ;24,09 ;23,50 
55159-EU-CCT;0089902158064;GU10 7W COB 380Lm CCT Ajustable par Switch;100-240V;GU;7W;3K-4K-6K;380;50000;96;38;YES;0,12 ;24,68 ;24,09 ;23,50 
55080-EU; ;GU10 AR111 12W LED COB BA40°;220V/240V;GU10;12W;30K/40K;1100;30000;82;40;YES;0,12 ;44,10 ;43,05 ;42,00 
35001-EU; ;GU10 MR16 3W LED COB 350Lm BA60°;220V/240V;GU10;3W;27K/30K/40K;350;30000;80;60;NO;0,12 ;8,27 ;8,07 ;7,88 
55141-EU-3000;0089902156664;GU10 MR16 5W LED COB 380Lm BA90;AC-90-265V;GU10;5W;3000;380;30000;82;90;Yes;0,12 ;8,38 ;8,18 ;7,98 
55142-EU-3000;0089902156688;GU10 MR16 5W LED COB 400Lm BA30;AC90-130 / 176-254V;GU10;5W;3000;400;30000;82;30;Yes;0,12 ;8,75 ;8,54 ;8,33 
55148-EU; ;GU10 MR16 5W LED COB 400Lm BA36;220-240V;GU10;5W;30K/40K;400;25000;82;36;Yes;0,12 ;5,70 ;5,56 ;5,43 
55143-EU-3000;0089902156701;GU10 MR16 5W LED COB 400Lm BA60;AC90-130 / 176-254V;GU10;5W;3000;400;30000;82;60;Yes;0,12 ;8,75 ;8,54 ;8,33 
55144-EU-3000;0089902156725;GU10 MR16 5W LED COB 550Lm BA80;AC90-130 / 176-254V;GU10;5W;3000;550;30000;82;80;Yes;0,12 ;13,16 ;12,84 ;12,53 
40901-EU; ;GU10 MR16 5W LED COB BA90°;220V/240V;GU10;5W;27K/30K/40K;350;30000;82;90;NO;0,12 ;10,00 ;9,76 ;9,52 
55145-EU-3000;0089902156749;GU10 MR16 6W LED COB 630Lm BA38;AC90-130 / 176-254V;GU10;6W;3000;630;30000;82;38;YES;0,12 ;12,13 ;11,84 ;11,55 
55146-EU-3000;0089902156763;GU10 MR16 6W LED COB 630Lm BA60;AC90-130 / 176-254V;GU10;6W;3000;630;30000;82;60;YES;0,12 ;12,13 ;11,84 ;11,55 
41158-EU; ;GU10 MR16 6W LED COB BA10°;220V/240V;GU10;6W;27K/30K/40K;500;25000;80;10;YES;0,12 ;18,34 ;17,90 ;17,47 
41132-EU; ;GU10 MR16 6W LED COB BA30°;220V/240V;GU10;6W;27K/30K/40K;720;25000;80;30;YES;0,12 ;11,03 ;10,76 ;10,50 
41030-EU; ;GU10 MR16 6W LED COB BA60°;220V/240V;GU10;6W;27K/30K/40K;600;50000;80;60;YES;0,12 ;11,03 ;10,76 ;10,50 
55131-EU; ;GU10 MR16 6W LED COB BA60°;12V;GU10;6W;27K/30K/40K;550;30000;82;60;YES;0,12 ;13,78 ;13,45 ;13,13 
55149-EU-3000;0089902156893;GU10 MR16 7,2W LED COB  520Lm BA38;220-240V;GU10;7,2W;3000;520;15000;82;38;Yes;0,12 ;8,45 ;8,25 ;8,05 
40903-EU; ;GU10 MR16 8W LED COB BA35°;220V/240V;GU10;8W;27K/30K/40K;540;25000;82;35;NO;0,12 ;19,51 ;19,05 ;18,59 
42085-EU; ;GU24 A19 12W Milky White;220V/240V;GU24;12W;27K/30K/40K;960;30000;82;160;YES;0,12 ;25,10 ;24,50 ;23,91 
55051-EU; ;GU24 A19 4W LED Filament Clear;220V/240V;GU24;4W;27K/30K/40K;400;30000;82;360;YES;0,12 ;12,86 ;12,56 ;12,25 
55042-EU; ;GU24 A19 4W LED Milky White CRI92;220V/240V;GU24;4W;27K/30K/40K;400;30000;92;360;YES;0,12 ;16,54 ;16,14 ;15,75 
55009-EU; ;GU24 A19 6W LED Filament Amber;220V/240V;GU24;6W;27K/30K/40K;600;30000;82;360;YES;0,12 ;11,03 ;10,76 ;10,50 
55052-EU; ;GU24 A19 6W LED Filament Clear;220V/240V;GU24;6W;27K/30K/40K;600;30000;82;360;YES;0,12 ;10,47 ;10,22 ;9,98 
55043-EU; ;GU24 A19 6W LED Milky White CRI92;220V/240V;GU24;6W;27K/30K/40K;600;30000;92;360;YES;0,12 ;20,21 ;19,73 ;19,25 
55044-EU; ;GU24 A19 7W LED Milky White CRI92;220V/240V;GU24;7W;27K/30K/40K;800;30000;92;360;YES;0,12 ;23,89 ;23,32 ;22,75 
55008-EU; ;GU24 A19 8W LED Filament Clear;AC100-240V;G24;8W;27K/30K/40K;800;20000;80;160;No;0,12 ;16,54 ;16,14 ;15,75 
55030-EU; ;GU24 A19 8W LED Filament Clear;220V/240V;GU24;8W;27K/30K/40K;900;30000;82;360;YES;0,12 ;24,81 ;24,22 ;23,63 
55045-EU; ;GU24 A19 8W LED Milky White CRI92;220V/240V;GU24;8W;27K/30K/40K;900;30000;92;360;YES;0,12 ;27,56 ;26,91 ;26,25 
42084-EU; ;GU24 A19 9W LED Milky White;220V/240V;GU24;9W;27K/30K/40K;720;30000;82;160;YES;0,12 ;27,93 ;27,27 ;26,60 
55047-EU; ;GU5,3 AR111 12W LED COB BA40°;12V;G53;12W;30K/40K;1100;30000;82;40;YES;0,12 ;44,10 ;43,05 ;42,00 
41013-EU; ;GU5,3 MR16 3W LED COB BA60°;12V;GU5.3;3W;27K/30K/40K;210;30000;82;60;NO;0,12 ;7,28 ;7,10 ;6,93 
55147-EU; ;GU5,3 MR16 5W LED COB 400Lm BA36;12V;GU5,3;5W;30K/40K;400;25000;82;36;Yes;0,12 ;6,43 ;6,28 ;6,13 
40801-EU; ;GU5,3 MR16 5W LED COB BA90°;12V;GU5.3;5W;27K/30K/40K;350;30000;82;90;NO;0,12 ;7,17 ;7,00 ;6,83 
41017-EU; ;GU5,3 MR16 6W LED (Wet Location) BA30°;12V;GU5.3;6W;27K/30K/40K;150;14000;70;30;NO;0,12 ;21,98 ;21,45 ;20,93 
41157-EU; ;GU5,3 MR16 6W LED COB BA10°;12V;GU5.3;6W;27K/30K/40K;500;25000;80;10;YES;0,12 ;17,16 ;16,75 ;16,35 
41127-EU; ;GU5,3 MR16 6W LED COB BA30°;12V;GU5.3;6W;27K/30K/40K;600;50000;80;30;YES;0,12 ;11,03 ;10,76 ;10,50 
40804-EU; ;GU5,3 MR16 6W LED COB BA60°;12V;GU5.3;6W;27K/30K/40K;550;30000;82;60;YES;0,12 ;13,78 ;13,45 ;13,13 
42066-EU-2200;0089902152406;Inverted Pyramid 5W LED Filament Star Amber;220V/240V;E27;5W;2200;500;20000;82;360;YES;0,12 ;20,69 ;20,20 ;19,71 
42069-EU-2200;0089902152437;Inverted Pyramid 5W LED Filament Star Clear;220V/240V;E27;5W;2200;500;20000;82;360;YES;0,12 ;19,22 ;18,76 ;18,31 
88032;0645789982774;Kit Frame Panel Light 40W 595mmX595mm ; ;PL;40W; ; ; ; ; ; ;0,12 ;28,35 ;27,68 ;27,00 
88022-EU;;Panel Light 36W LED 595mmX595mm ;AC100-277V;PL;36W;30K/40K;3600;30000;80;120;YES;0,12 ;78,00 ;77,00 ;76,00 
88022-EU-4000-REMOTE;0645789982453;Panel Light 36W LED 595mmX595mm Control remote;AC100-277V;PL;36W;4000;3600;30000;80;120;YES;0,12 ;98,70 ;96,35 ;94,00 
88029;K70017-EU;;Panel Light 40W 4000LM LED 595mmX595mm ;AC100-277V;PL;40W;30K/40K;4000;50000;82;120;NO;0,12 ;63,00 ;61,50 ;60,00 
88029-DALI;;Panel Light 40W DALI LED 595mmX595mm ;AC100-277V;PL;40W;30K/40K;4000;50000;82;120;Dali;0,12 ;94,50 ;92,25 ;90,00 
88024-EU;;Panel Light 40W LED 295x1195mm;AC100-277V;PL;40W;30K/40K;3600;30000;80;120;NO;0,12 ;76,81 ;74,98 ;73,15 
88024-EU-4000-REMOTE;0645789982484;Panel Light 40W LED 295x1195mm Contrôle Remote;AC100-277V;PL;36W;4000;3600;30000;80;120;NO;0,12 ;98,70 ;96,35 ;94,00 
88028-EU; ;Panel Light 40W LED 595mmX595mm ;AC100-277V;PL;40W;30K/40K;4000;50000;82;120;NO;0,12 ;66,15 ;64,58 ;63,00 
88029-EU;;Panel Light 40W LED 595mmX595mm Dimmable;AC100-277V;PL;40W;30K/40K;4000;50000;82;120;YES;0,12 ;78,00 ;77,00 ;76,00 
xxxxx-EU;;ParK light 34W  3030Lm LED 1200mm IP65 Frosted;220-240V;ParkL;34W;40K/65K;3030;25000;82;;NO;0,12 ;110,25 ;107,63 ;105,00 
55156-EU-4000;0089902157814;ParK light 54W LED 1500mm IP65 Frosted;220-240V;ParkL;54W;4000;5050;25000;82;;NO;0,12 ;121,28 ;118,39 ;115,50 
42067-EU-2200;0089902152413;Pointed Pyramid 5W LED Filament Star Amber;220V/240V;E27;5W;2200;500;20000;82;360;YES;0,12 ;20,69 ;20,20 ;19,71 
42068-EU-2200;0089902152420;Pointed Pyramid 5W LED Filament Star Clear;220V/240V;E27;5W;2200;500;20000;82;360;YES;0,12 ;19,22 ;18,76 ;18,31 
55128-EU; ;R50 4W LED Filament Mirror Inside;220V/240V;E14;4W;27K/30K/40K;400;30000;92;160;Yes;0,12 ;9,48 ;9,26 ;9,03 
42056-EU; ;R63 6W LED Filament Mirror Inside  ;100V-240V;E27;6W;30K/40K;600;30000;80;160;YES;0,12 ;11,03 ;10,76 ;10,50 
55129-EU; ;R80 4W LED Filament Mirror Inside ;220V/240V;E27;4W;27K/30K/40K;400;30000;92;160;YES;0,12 ;12,86 ;12,56 ;12,25 
42057-EU; ;R80 7W LED Filament Mirror Inside ;100V-240V;E27;7W;30K/40K;500;30000;92;160;YES;0,12 ;16,54 ;16,14 ;15,75 
42079-EU-2200;0089902152635;S14 4W LED Filament Clear CRI92;220V/240V;E27;4W;2200;400;30000;92;360;YES;0,12 ;13,41 ;13,09 ;12,78 
42015-EU; ;ST48 2W LED Filament Clear;220V/240V;E14;2W;27K/30K/40K;200;30000;82;360;YES;0,12 ;9,19 ;8,97 ;8,75 
42016-EU; ;ST48 2W LED Filament Clear;220V/240V;E27;2W;27K/30K/40K;200;30000;82;360;YES;0,12 ;9,19 ;8,97 ;8,75 
42017-EU; ;ST48 4W LED Filament Clear;220V/240V;E14;4W;27K/30K/40K;400;30000;82;360;YES;0,12 ;12,86 ;12,56 ;12,25 
42018-EU; ;ST48 4W LED Filament Clear;220V/240V;E27;4W;27K/30K/40K;400;30000;82;360;YES;0,12 ;13,23 ;12,92 ;12,60 
55033-EU; ;ST64  5W LED Weaved Amber  ;220V/240V;E27;5W;27K/30K/40K;500;30000;82;360;YES;0,12 ;13,23 ;12,92 ;12,60 
67027-EU; ;ST64 10W LED Extra Long Filament Clear;220V/240V;E27;10W;27K/30K/40K;1200;30000;92;360;YES;0,12 ;18,38 ;17,94 ;17,50 
67028-EU; ;ST64 12,5 LED Extra Long Filament 10 Clear;220V/240V;E27;12.5W;27K/30K/40K;1500;30000;92;360;YES;0,12 ;22,05 ;21,53 ;21,00 
67024-EU; ;ST64 2,5W LED Extra Long Filament Clear;220V/240V;E27;2.5W;27K/30K/40K;300;30000;92;360;YES;0,12 ;13,13 ;12,81 ;12,50 
41104-EU; ;ST64 2W LED Short Filament Amber;220V/240V;E27;2W;27K/30K/40K;200;30000;80;360;YES;0,12 ;13,41 ;13,09 ;12,78 
41102-EU; ;ST64 2W LED Short Filament Clear;220V/240V;E27;2W;27K/30K/40K;200;30000;80;360;YES;0,12 ;9,19 ;8,97 ;8,75 
42030-EU-2200;0089902151980;ST64 3W LED Filament Star Amber;220V/240V;E27;3W;2200;300;20000;82;360;YES;0,12 ;17,09 ;16,68 ;16,28 
42029-EU; ;ST64 3W LED Filament Star Clear;220V/240V;E27;3W;22K/27K ;300;20000;82;360;YES;0,12 ;15,99 ;15,61 ;15,23 
41099-EU; ;ST64 4W LED Short Filament Amber;220V/240V;E27;4W;27K/30K/40K;400;30000;92;360;YES;0,12 ;11,28 ;11,01 ;10,75 
41098-EU; ;ST64 4W LED Short Filament Clear;220V/240V;E27;4W;27K/30K/40K;400;30000;92;360;YES;0,12 ;9,96 ;9,72 ;9,49 
67000-EU; ;ST64 5W LED Extra Long Filament Clear CRI92;220V/240V;E27;5W;22K/27K/30K/40K;600;30000;92;360;YES;0,12 ;13,97 ;13,63 ;13,30 
55028-EU; ;ST64 5W LED Weaved Clair;220V/240V;E27;5W;27K/30K/40K;500;30000;82;360;YES;0,12 ;12,13 ;11,84 ;11,55 
67025-EU; ;ST64 6W LED Extra Long Filament Clear;220V/240V;E27;6W;27K/30K/40K;300;30000;92;360;YES;0,12 ;14,18 ;13,84 ;13,50 
42074-EU-2200;0089902152543;ST64 6W LED Filament Clear CRI92;220V/240V;E27;6W;2200;600;30000;92;360;YES;0,12 ;14,15 ;13,81 ;13,48 
42104-EU; ;ST64 6W LED Milky White CRI92;220V/240V;E27;6W;27K/30K/40K;600;30000;92;360;YES;0,12 ;15,44 ;15,07 ;14,70 
41101-EU; ;ST64 6W LED Short Filament Amber;220V/240V;E27;6W;27K/30K/40K;600;30000;92;360;YES;0,12 ;13,63 ;13,31 ;12,99 
41100-EU; ;ST64 6W LED Short Filament Clear;220V/240V;E27;6W;27K/30K/40K;600;30000;92;360;YES;0,12 ;12,31 ;12,02 ;11,73 
67046-EU; ;ST64 8W LED Extra Long Filament Amber;220V/240V;E27;8W;27K/30K/40K;900;30000;92;360;YES;0,12 ;18,19 ;17,76 ;17,33 
67026-EU; ;ST64 8W LED Extra Long Filament Clear;220V/240V;E27;8W;27K/30K/40K;300;30000;92;360;YES;0,12 ;15,23 ;14,86 ;14,50 
67001-EU; ;ST64 8W LED Extra Long Filament Clear CRI92;220V/240V;E27;8W;22K/27K/30K/40K;900;30000;92;360;YES;0,12 ;16,91 ;16,50 ;16,10 
42004-EU; ;ST64 8W LED Short Filament Amber;220V/240V;E27;8W;27K/30K/40K;800;30000;92;360;YES;0,12 ;15,58 ;15,21 ;14,84 
42081-EU; ;ST64 8W LED Short Filament Clear;220V/240V;E27;8W;27K/30K/40K;800;30000;80;360;YES;0,12 ;14,26 ;13,92 ;13,58 
55029-EU; ;ST64 8W LED Short Filament Clear;220V/240V;E27;8W;27K/30K/40K;900;30000;82;360;YES;0,12 ;11,76 ;11,48 ;11,20 
55010-EU; ;ST64 GU24 4W LED Filament Clear;220V/240V;GU24;4W;27K/30K/40K;400;30000;82;360;YES;0,12 ;11,94 ;11,66 ;11,38 
55013-EU; ;ST64 GU24 6W LED Filament Amber;220V/240V;GU24;6W;27K/30K/40K;600;30000;82;360;YES;0,12 ;15,25 ;14,89 ;14,53 
55011-EU; ;ST64 GU24 6W LED Filament Clear;220V/240V;GU24;6W;27K/30K/40K;600;30000;82;360;YES;0,12 ;14,15 ;13,81 ;13,48 
55012-EU; ;ST64 GU24 8W LED Filament Clear;220V/240V;GU24;8W;27K/30K/40K;800;30000;82;360;YES;0,12 ;19,29 ;18,83 ;18,38 
67019-EU; ;T25 1,25W LED Filament Clear;220V/240V;E14;1.25W;27K/30K/40K;150;30000;82;360;YES;0,12 ;8,61 ;8,41 ;8,20 
67020-EU; ;T25 2,5W LED Filament Clair;220V/240V;E14;2.5W;27K/30K/40K;300;30000;82;360;YES;0,12 ;10,71 ;10,46 ;10,20 
42050-EU; ;T25 2W LED Filament Clear;220V/240V;E14;2W;27K/30K/40K;200;20000;82;360;YES;0,12 ;5,33 ;5,20 ;5,08 
55068-EU-2200;0089902155032;T25 2W LED Filament Clear CRI92;220V/240V;E14;2W;2200;200;20000;92;360;YES;0,12 ;6,32 ;6,17 ;6,02 
55127-EU; ;T25 4W LED Filament Amber;220V/240V;E14;4W;27K/30K/40K;400;20000;82;360;YES;0,12 ;13,60 ;13,27 ;12,95 
42051-EU; ;T25 4W LED Filament Clear;220V/240V;E14;4W;27K/30K/40K;400;20000;92;360;YES;0,12 ;8,23 ;8,04 ;7,84 
55069-EU-2200;0089902155049;T25 4W LED Filament Clear CRI92;220V/240V;E14;4W;2200;400;20000;92;360;YES;0,12 ;8,23 ;8,04 ;7,84 
67008-EU; ;T30 2,5W LED Extra Long Filament Clair 185mm;220V/240V;E27;2.5W;27K/30K/40K;300;30000;82;360;YES;0,12 ;12,86 ;12,56 ;12,25 
67010-EU; ;T30 2,5W LED Short Clair 114mm;220V/240V;E27;2.5W;27K/30K/40K;300;30000;82;360;YES;0,12 ;8,27 ;8,07 ;7,88 
55082-EU; ;T30 2W LED Filament Diagonal Clear Short ;220V/240V;E27;2W;27K/30K/40K;200;30000;82;360;YES;0,12 ;12,86 ;12,56 ;12,25 
41118-EU; ;T30 2W LED Filament Short Clear ;220V/240V;E27;2W;22K/27K/30K/40K;200;30000;92;360;YES;0,12 ;9,22 ;9,00 ;8,79 
42026-EU-2200;0089902151966;T30 2W LED Filament Star Amber;220V/240V;E27;2W;2200;200;20000;82;360;YES;0,12 ;10,66 ;10,40 ;10,15 
42025-EU-2200;0089902151959;T30 2W LED Filament Star Clear;220V/240V;E27;2W;2200;200;20000;82;360;YES;0,12 ;17,46 ;17,04 ;16,63 
55015-EU; ;T30 4W LED Filament Ambert Short;220V/240V;E27;4W;27K/30K/40K;400;30000;82;360;YES;0,12 ;12,68 ;12,38 ;12,08 
41095-EU; ;T30 4W LED Filament Clear Long;220V/240V;E27;4W;27K/30K/40K;400;30000;82;360;YES;0,12 ;8,27 ;8,07 ;7,88 
41119-EU; ;T30 4W LED Filament Clear Short;220V/240V;E27;4W;18/22/27K/30K/40K;400;30000;92;360;YES;0,12 ;11,58 ;11,30 ;11,03 
55017-EU; ;T30 4W LED Filament Diagonal Clear Long ;220V/240V;E27;4W;27K/30K/40K;400;30000;92;360;YES;0,12 ;14,15 ;13,81 ;13,48 
55083-EU; ;T30 4W LED Filament Diagonal Clear Short ;220V/240V;E27;4W;27K/30K/40K;400;30000;82;360;YES;0,12 ;147,00 ;143,50 ;140,00 
67009-EU; ;T30 5W LED Extra Long Filament Clair 185mm;220V/240V;E27;5W;27K/30K/40K;1200;30000;82;360;YES;0,12 ;14,85 ;14,49 ;14,14 
67037-EU-2200;0089902156442;T30 5W LED Extra Long Filament Clair 185mm;220V/240V;E27;5W;2200;660;30000;92;360;YES;0,12 ;14,85 ;14,49 ;14,14 
67006-EU; ;T30 5W LED Extra Long Filament Clair 302mm;220V/240V;E27;5W;27K/30K/40K;600;30000;92;360;YES;0,12 ;15,51 ;15,14 ;14,77 
67011-EU; ;T30 5W LED Short Clair 114mm;220V/240V;E27;5W;27K/30K/40K;600;30000;82;360;YES;0,12 ;16,10 ;15,71 ;15,33 
67039-EU-2200; ;T30 5W LED Short Clair 114mm CRI92;220V/240V;E27;5W;22K/27K;300;30000;92;360;YES;0,12 ;10,29 ;10,05 ;9,80 
55014-EU; ;T30 6W LED Filament Amber Long;220V/240V;E27;6W;27K/30K/40K;600;30000;92;360;YES;0,12 ;15,21 ;14,85 ;14,49 
55016-EU; ;T30 6W LED Filament Amber Short;220V/240V;E27;6W;27K/30K/40K;600;30000;82;360;YES;0,12 ;13,78 ;13,45 ;13,13 
41105-EU; ;T30 6W LED Filament Clear Long;220V/240V;E27;6W;27K/30K/40K;600;30000;82;360;YES;0,12 ;13,67 ;13,35 ;13,02 
55020-EU; ;T30 6W LED Filament Diagonal Amber Long ;220V/240V;E27;6W;27K/30K/40K;600;30000;92;360;YES;0,12 ;18,74 ;18,30 ;17,85 
55086-EU; ;T30 6W LED Filament Diagonal Amber Long ;220V/240V;E27;6W;27K/30K/40K;600;30000;82;360;YES;0,12 ;18,38 ;17,94 ;17,50 
55018-EU; ;T30 6W LED Filament Diagonal Clear Long ;220V/240V;E27;6W;27K/30K/40K;600;30000;92;360;YES;0,12 ;15,51 ;15,14 ;14,77 
55084-EU; ;T30 6W LED Filament Diagonal Clear Long ;220V/240V;E27;6W;27K/30K/40K;600;30000;82;360;YES;0,12 ;18,52 ;18,08 ;17,64 
55064-EU; ;T30 6W LED Filament Diagonal Milky Long ;220V/240V;E27;6W;27K/30K/40K;800;30000;92;360;YES;0,12 ;18,19 ;17,76 ;17,33 
42075-EU; ;T30 6W LED Lilament Clear CRI92;220V/240V;E27;6W;27K/30K/40K;600;30000;92;360;YES;0,12 ;13,67 ;13,35 ;13,02 
42103-EU; ;T30 6W LED Milky White CRI92;220V/240V;E27;6W;27K/30K/40K;600;30000;92;360;YES;0,12 ;19,48 ;19,01 ;18,55 
67007-EU; ;T30 7,5W LED Extra Long Filament Clair 302mm;220V/240V;E27;7,5W;27K/30K/40K;900;30000;82;360;YES;0,12 ;16,79 ;16,39 ;16,00 
67035-EU-2200;0739189963836;T30 7,5W LED Extra Long Filament Clair 302mm CRI;220V/240V;E27;7,5W;2200;880;30000;92;360;YES;0,12 ;16,79 ;16,39 ;16,00 
42007-EU; ;T30 8W LED Filament Clear Long;220V/240V;E27;8W;30K/40K/65K;800;30000;82;360;YES;0,12 ;16,54 ;16,14 ;15,75 
55019-EU; ;T30 8W LED Filament Diagonal Clear Long ;220V/240V;E27;8W;27K/30K/40K;800;30000;92;360;YES;0,12 ;18,74 ;18,30 ;17,85 
55085-EU; ;T30 8W LED Filament Diagonal Clear Long ;220V/240V;E27;8W;27K/30K/40K;800;30000;82;360;YES;0,12 ;23,89 ;23,32 ;22,75 
42117-UK-2200;0089902158682;T30 B22 6W LED Filament Clear Short Bayonnette;;B22;;2200;;;;;;;;;
42117-EU; ;T30 E27 6W LED Filament Clear Short;220V/240V;E27;6W;22K/27K/30K/40K;600;30000;82;360;YES;0,12 ;13,23 ;12,92 ;12,60 
42000-EU; ;T45 2W LED Filament Amber;220V/240V;E27;2W;27K/30K/40K;200;30000;92;360;YES;0,12 ;7,53 ;7,35 ;7,18 
42001-EU; ;T45 4W LED Filament Amber;220V/240V;E27;4W;27K/30K/40K;400;30000;92;360;YES;0,12 ;9,48 ;9,26 ;9,03 
55150-EU-4000;0089902157463;T8 10W LED Tube with rotating end caps 600mm;AC85-265V;T8;10W;4000;1100;25000;80;120;YES;0,12 ;12,05 ;11,77 ;11,48 
41034-EU-4000;0739189964451;T8 18W LED TUBE (Ballast not comp.) 1200 mm Frosted;220V/240V;G13;18W;30K/40K/65K;1800;30000;82;120;NO;0,12 ;27,56 ;26,91 ;26,25 
42048-EU-4000;0089902152109;T8 18W LED TUBE (Ballast Not compatible)  ALL-GLASS 1200mm;220V/240V;G13;18W;4000;1550;30000;70;330;N0;0,12 ;12,61 ;12,31 ;12,01 
55066-EU-4000;0089902155025;T8 18W LED TUBE (Ballast Not compatible)  ALL-GLASS1200mm;220V/240V;G13;18W;4000;1550;30000;70;330;YES;0,12 ;31,61 ;30,85 ;30,10 
55151-EU; ;T8 18W LED Tube with rotating end caps & Ballast Compatible 1200 mm;AC85-265V;T8;18W;40K/65K;1890;30000;80;120;NO;0,12 ;18,26 ;17,83 ;17,40 
41172-EU-4000;0089902151393;T8 22W LED TUBE (Ballast Not compatible) 1200 mm ;220V/240V;G13;22W;30K/40K/65K;2200;30000;82;120;YES;0,12 ;31,61 ;30,85 ;30,10 
55081-EU-4000;0089902155322;T8 22W LED Tube 2G11  Milky Clear;220V/240V;PIN;22W;4000;2900;30000;80;180;YES;0,12 ;51,45 ;50,23 ;49,00 
55065-EU-4000;0089902155018;T8 22W LED Tube 2G11  Milky White;220V/240V;PIN;22W;4000;2900;30000;80;180;YES;0,12 ;51,45 ;50,23 ;49,00 
55152-EU;0089902157791;T8 22W LED Tube with rotating end caps & Ballast Compatible 1500     mm;AC85-265V;T8;22W;40K/65K;2310;30000;80;120;NO;0,12 ;21,57 ;21,06 ;20,55 
55138-EU-4000;0089902157456;T8 9W LED TUBE 900Lm IRC90 330° Poly Carbonate 600mm;AC85-265V;T8;9W;4000;900;25000;90;330;No;0,12 ;18,19 ;17,76 ;17,33 
41023-EU-4000;0739189964406;T8 LED Tube (Ballast comp.) UL,CUL,DLC (48) 18 Watt     1220 mm;220V/240V;G13;22W;30K/40K/65K;2200;30000;82;120;NO;0,12 ;21,72 ;21,20 ;20,68 
55132-EU-4000;0089902155674;T8 LED TUBE Motion Sensor with rotating end caps 1220mm;;T8;;4000;;;;;;0,12 ;33,08 ;32,29 ;31,50 
 ; ;Ultra Slim Led Panel 12W 1100Lm 150mm;AC220-240V;DL;12W;2700-6500K;1100;25000;82; ;NO;0,12 ;24,99 ;24,40 ;23,80 
 ; ;Ultra Slim Led Panel 15W 1350Lm 150mm;AC220-240V;DL;15W;2700-6500K;1350;25000;82; ;NO;0,12 ;29,40 ;28,70 ;28,00 
 ; ;Ultra Slim Led Panel 15W 1350Lm 200mm;AC220-240V;DL;15W;2700-6500K;1350;25000;82;;NO;0,12 ;35,28 ;34,44 ;33,60 
 ; ;Ultra Slim Led Panel 20W 1800Lm 200mm;AC220-240V;DL;20W;2700-6500K;1800;25000;82;;NO;0,12 ;37,49 ;36,59 ;35,70 
 ; ;Ultra Slim Led Panel 20W 2000Lm 245mm;AC220-240V;DL;20W;2700-6500K;2000;25000;82;;NO;0,12 ;42,63 ;41,62 ;40,60 
 ; ;Ultra Slim Led Panel 25W 2500Lm 245mm;AC220-240V;DL;25W;2700-6500K;2500;25000;82;;NO;0,12 ;45,94 ;44,84 ;43,75 
